,customerID,Churn
0,7613-LLQFO,Yes
1,4568-TTZRT,No
2,9513-DXHDA,No
3,2640-PMGFL,No
4,3801-HMYNL,Yes
5,0516-QREYC,No
6,9685-WKZGT,Yes
7,6022-UGGSO,No
8,8084-OIVBS,No
9,8896-BQTTI,No
10,3865-QBWSJ,No
11,3352-RICWQ,No
12,2160-GPFXD,No
13,2065-MMKGR,No
14,5857-TYBCJ,Yes
15,1498-NHTLT,No
16,4484-CGXFK,No
17,1402-PTHGN,No
18,4176-RELJR,No
19,6214-EDAKZ,No
20,5199-FPUSP,No
21,6377-KSLXC,No
22,1796-JANOW,No
23,0238-WHBIQ,No
24,8735-NBLWT,No
25,6651-RLGGM,No
26,6127-ISGTU,Yes
27,1614-JBEBI,No
28,8740-XLHDR,No
29,1208-DNHLN,No
30,1761-AEZZR,Yes
31,3923-CSIHK,No
32,5696-EXCYS,No
33,5795-KTGUD,No
34,7120-RFMVS,Yes
35,7924-GJZFI,Yes
36,4702-HDRKD,No
37,8512-WIWYV,No
38,5897-ZYEKH,No
39,5456-ITGIC,No
40,7317-GGVPB,No
41,1406-PUQVY,No
42,1322-AGOQM,No
43,3677-IYRBF,Yes
44,5692-FPTAH,No
45,9114-AAFQH,No
46,8715-KKTFG,No
47,1550-LOAHA,Yes
48,1728-BQDMA,No
49,0268-QKIWO,No
50,0876-WDUUZ,Yes
51,5117-ZSMHQ,No
52,5151-HQRDG,No
53,0960-HUWBM,No
54,6465-GSRCL,No
55,0617-FHSGK,Yes
56,0263-FJTQO,No
57,7319-ZNRTR,No
58,2858-MOFSQ,No
59,7503-EPSZW,No
60,7089-XXAYG,No
61,8118-LSUEL,Yes
62,8070-AAWZP,No
63,1666-JXLKU,No
64,7855-DIWPO,No
65,5133-POWUA,Yes
66,5652-MSDEY,No
67,7005-CCBKV,Yes
68,1810-BOHSY,No
69,1784-BXEFA,No
70,7351-MHQVU,No
71,9224-VTYID,No
72,9500-IWPXQ,No
73,5762-TJXGK,No
74,4504-YOULA,No
75,5569-IDSEY,No
76,4250-FDVOU,No
77,7284-ZZLOH,No
78,5277-ZLOOR,Yes
79,2141-RRYGO,No
80,1777-JYQPJ,No
81,6376-GAHQE,Yes
82,3401-URHDA,No
83,1599-EAHXY,No
84,8631-XVRZL,No
85,5052-PNLOS,Yes
86,3853-LYGAM,No
87,6979-ZNSFF,Yes
88,5751-USDBL,No
89,5680-LQOGP,No
90,2386-LAHRK,No
91,8189-DUKMV,No
92,6032-IGALN,No
93,9931-DCEZH,No
94,1898-JSNDC,No
95,0315-LVCRK,Yes
96,3911-RSNHI,No
97,2410-CIYFZ,No
98,4248-HCETZ,No
99,5505-OVWQW,No
100,7271-AJDTL,No
101,1867-TJHTS,No
102,0516-WJVXC,No
103,9174-FKWZE,No
104,6860-YRJZP,Yes
105,4429-WYGFR,No
106,2817-LVCPP,No
107,5038-ETMLM,No
108,5056-FIMPT,No
109,4521-WFJAI,No
110,6569-KTMDU,No
111,8809-RIHDD,No
112,8809-XKHMD,No
113,0396-YCHWO,Yes
114,0867-LDTTC,No
115,4822-NGOCH,Yes
116,9391-DXGGG,No
117,9844-FELAJ,No
118,2122-SZZZD,No
119,5307-DZCVC,Yes
120,3148-AOIQT,No
121,8679-JOEVF,No
122,8395-ETZKQ,No
123,6692-YQHXC,Yes
124,3889-VWBID,No
125,5222-JCXZT,No
126,9754-CLVZW,No
127,1432-FPAXX,No
128,2739-CCZMB,No
129,7080-TNUWP,No
130,0496-AHOOK,No
131,8336-TAVKX,No
132,2468-SJFLM,Yes
133,3181-VTHOE,No
134,7168-HDQHG,No
135,4803-AXVYP,No
136,3884-HCSWG,No
137,4567-AKPIA,No
138,5077-DXTCG,Yes
139,1142-WACZW,No
140,7901-HXJVA,No
141,5649-ANRML,Yes
142,4892-VLANZ,No
143,5924-IFQTT,No
144,7968-QUXNS,No
145,2919-HBCJO,Yes
146,4236-XPXAV,Yes
147,8903-WMRNW,Yes
148,2452-SNHFZ,No
149,3629-WEAAM,No
150,6029-CSMJE,No
151,7993-NQLJE,No
152,9909-DFRJA,No
153,9099-FTUHS,No
154,0581-BXBUB,No
155,4962-CHQPW,No
156,9467-ROOLM,No
157,3030-YZADT,No
158,7410-KTVFV,No
159,5150-ITWWB,Yes
160,2253-KPMNB,No
161,1345-ZUKID,No
162,6429-SHBCB,No
163,9281-OFDMF,No
164,2603-HVKCG,Yes
165,1834-WULEG,No
166,9097-ZUBYC,No
167,5148-ORICT,No
168,4893-GYUJU,No
169,4578-PHJYZ,No
170,7272-QDCKA,No
171,8908-SLFCJ,No
172,8393-DLHGA,No
173,9766-HGEDE,No
174,6968-MHOMU,No
175,7395-IGJOS,Yes
176,5044-XDPYX,No
177,1814-WFGVS,No
178,2834-SPCJV,No
179,3721-WKIIL,No
180,6734-CKRSM,No
181,1265-ZFOSD,No
182,6568-POCUI,No
183,7890-VYYWG,Yes
184,5197-LQXXH,No
185,9907-SWKKF,Yes
186,3457-PQBYH,No
187,7682-AZNDK,No
188,0587-DMGBH,No
189,5384-ZTTWP,No
190,3745-HRPHI,No
191,7636-OWBPG,No
192,1231-YNDEK,No
193,1407-DIGZV,No
194,6397-JNZZG,No
195,0570-BFQHT,Yes
196,4393-OBCRR,No
197,3523-QRQLL,No
198,8564-LDKFL,No
199,3696-DFHHB,No
200,0895-DQHEW,No
201,4717-GHADL,No
202,5501-TVMGM,No
203,5879-HMFFH,No
204,6772-WFQRD,No
205,3810-DVDQQ,No
206,6972-SNKKW,No
207,3694-GLTJM,No
208,8550-XSXUQ,No
209,8149-RSOUN,Yes
210,9055-MOJJJ,No
211,4359-INNWN,No
212,0585-EGDDA,Yes
213,4032-RMHCI,No
214,0549-CYCQN,No
215,3481-JHUZH,Yes
216,7250-EQKIY,No
217,3594-IVHJZ,No
218,6869-FGJJC,No
219,3896-ZVNET,No
220,8205-VSLRB,No
221,5960-MVTUK,No
222,6817-WTYHE,No
223,3082-VQXNH,No
224,4013-UBXWQ,No
225,4931-TRZWN,No
226,0750-EKNGL,No
227,7669-LCRSD,No
228,3567-PQTSO,No
229,5519-NPHVG,Yes
230,8043-PNYSD,No
231,9938-EKRGF,No
232,2703-AMTUL,No
233,0928-JMXNP,No
234,8173-RXAYP,No
235,4825-XJGDM,No
236,5402-HTOTQ,No
237,6734-JDTTV,No
238,7850-THJMU,No
239,3890-RTCMS,No
240,8849-GYOKR,No
241,3148-BLQJT,No
242,3717-FDJFU,No
243,3665-JATSN,No
244,7966-YOTQW,No
245,0461-CVKMU,No
246,8806-EAGWC,No
247,8853-TZDGH,No
248,7779-LGOVN,Yes
249,4324-BZCKL,No
250,6924-TDGMT,No
251,9710-ZUSHQ,No
252,1536-YHDOE,No
253,8123-QBNAZ,No
254,3629-ZNKXA,Yes
255,4827-LTQRJ,No
256,7711-YIJWC,No
257,5482-VXSXJ,No
258,7365-BVCJH,Yes
259,9620-ENEJV,Yes
260,4183-WCSEP,No
261,2378-YIZKA,No
262,5498-TXHLF,No
263,0689-DSXGL,No
264,6818-DJXAA,Yes
265,9722-UJOJR,Yes
266,0464-WJTKO,No
267,8902-ZEOVF,No
268,6778-EICRF,No
269,2662-NNTDK,No
270,4132-KALRO,Yes
271,3902-FOIGH,Yes
272,6772-KSATR,No
273,7112-OPOTK,No
274,2874-YXVVA,No
275,1245-HARPS,No
276,4210-QFJMF,Yes
277,4323-ELYYB,No
278,4293-ETKAP,No
279,6064-PUPMC,No
280,6504-VBLFL,No
281,6322-PJJDJ,No
282,0330-BGYZE,No
283,1085-LDWAM,No
284,7586-ZATGZ,Yes
285,7197-VOJMM,No
286,3318-OSATS,Yes
287,5828-AVIPD,No
288,1843-TLSGD,No
289,9626-VFRGG,No
290,7075-BNDVQ,No
291,9143-CANJF,No
292,7284-BUYEC,No
293,2041-JIJCI,No
294,1086-LXKFY,No
295,4900-MSOMT,No
296,2229-VWQJH,No
297,9194-GFVOI,No
298,1336-EZFZY,No
299,4282-MSACW,No
300,1403-LKLIK,No
301,2636-ALXXZ,Yes
302,7774-OJSXI,No
303,7786-WBJYI,No
304,0136-IFMYD,No
305,5144-TVGLP,Yes
306,9643-AVVWI,Yes
307,0253-ZTEOB,No
308,2706-QZIHY,No
309,6061-PQHMK,No
310,9885-CSMWE,Yes
311,6137-MFAJN,No
312,9122-UMROB,No
313,4232-JGKIY,No
314,2402-TAIRZ,No
315,9659-ZTWSM,No
316,9139-TWBAS,No
317,6685-GBWJZ,No
318,5016-ETTFF,No
319,3866-MDTUB,No
320,2195-VVRJF,No
321,3913-RDSJZ,No
322,8058-JMEQO,Yes
323,4203-QGNZA,No
324,5043-TRZWM,Yes
325,0697-ZMSWS,Yes
326,7657-DYEPJ,No
327,9494-BDNNC,No
328,1640-PLFMP,Yes
329,5366-OBVMR,No
330,8276-MQBYC,Yes
331,7644-OMVMY,No
332,7593-XFKDI,No
333,4573-JKNAE,No
334,0337-CNPZE,Yes
335,9817-APLHW,No
336,8380-MQINP,No
337,0840-DFEZH,No
338,1513-XNPPH,No
339,8690-ZVLCL,No
340,6015-VVHHE,Yes
341,1125-SNVCK,No
342,0384-LPITE,No
343,4616-EWBNJ,No
344,6347-DCUIK,No
345,1335-HQMKX,No
346,2545-EBUPK,Yes
347,6923-AQONU,No
348,2172-EJXVF,No
349,0897-FEGMU,Yes
350,7663-RGWBC,No
351,1120-BMWUB,No
352,9124-LHCJQ,Yes
353,4536-PLEQY,Yes
354,7029-IJEJK,No
355,8871-JLMHM,No
356,2235-ZGKPT,No
357,3891-PUQOD,No
358,5447-VYTKW,No
359,3623-FQBOX,No
360,0689-NKYLF,Yes
361,8659-HDIYE,No
362,3658-KIBGF,No
363,3474-BAFSJ,No
364,5519-YLDGW,Yes
365,3865-ZFZIB,No
366,1855-AGAWH,Yes
367,7109-CQYUZ,No
368,1370-GGAWX,No
369,4680-KUTAJ,No
370,5307-UVGNB,No
371,4946-EDSEW,No
372,2883-ILGWO,No
373,2516-VQRRV,Yes
374,7580-UGXNC,No
375,3642-BYHDO,No
376,9629-NHXFW,No
377,2696-RZVZW,No
378,5766-FTRTS,No
379,0396-HUJBP,No
380,5178-LMXOP,Yes
381,8879-ZKJOF,No
382,6285-FTQBF,No
383,8185-UPYBR,Yes
384,4585-HETAI,Yes
385,7526-BEZQB,Yes
386,1474-JUWSM,No
387,3530-CRZSB,No
388,8498-XXGWA,No
389,9617-INGJY,No
390,0621-TSSMU,No
391,7234-KMNRQ,No
392,7636-PEPNS,No
393,4683-WYDOU,No
394,9052-DHNKM,No
395,6794-HKIAJ,No
396,5578-NKCXI,No
397,1642-HMARX,No
398,3096-WPXBT,No
399,8434-PNQZX,No
400,5950-AAAGJ,Yes
401,4299-OPXEJ,No
402,4951-UKAAQ,Yes
403,9618-LFJRU,No
404,6693-DJWTY,No
405,0744-GKNGE,No
406,6447-EGDIV,No
407,1167-OYZJF,No
408,2108-YKQTY,No
409,4806-DXQCE,No
410,4918-QLLIW,No
411,7056-IMHCC,Yes
412,4854-SSLTN,No
413,5294-DMSFH,Yes
414,4837-PZTIC,No
415,1625-JAIIY,No
416,0603-OLQDC,No
417,3272-VUHPV,No
418,4176-FXYBO,No
419,1063-DHQJF,No
420,8663-UPDGF,No
421,6719-FGEDO,No
422,1837-YQUCE,No
423,2947-DOMLJ,No
424,4112-LUEIZ,Yes
425,0369-ZGOVK,No
426,4510-HIMLV,Yes
427,9919-KNPOO,Yes
428,8749-JMNKX,No
429,7872-BAAZR,No
430,9391-LMANN,No
431,2430-USGXP,Yes
432,8174-TBVCF,No
433,1698-XFZCI,No
434,1877-HKBQX,No
435,4450-DLLMH,Yes
436,0428-AXXLJ,No
437,2746-DIJLO,No
438,5955-ERIHD,Yes
439,0917-EZOLA,No
440,3508-VLHCZ,No
441,4086-ATNFV,No
442,0468-YRPXN,No
443,5996-NRVXR,No
444,3739-YBWAB,No
445,7047-FWEYA,No
446,2000-MPKCA,No
447,9762-YAQAA,No
448,5949-EBSQK,No
449,5473-KHBPS,No
450,0100-DUVFC,No
451,5397-TUPSH,No
452,8950-MTZNV,No
453,0326-VDYXE,No
454,6773-LQTVT,No
455,7274-RTAPZ,Yes
456,0436-TWFFZ,No
457,8566-YPRGL,No
458,0311-UNPFF,No
459,6609-MXJHJ,No
460,2669-OIDSD,No
461,8400-WZICQ,No
462,3834-XUIFC,Yes
463,9576-SYUHJ,No
464,0410-IPFTY,No
465,2831-EBWRN,Yes
466,9430-NKQLY,No
467,8414-MYSHR,Yes
468,0247-SLUJI,No
469,9402-ORRAH,Yes
470,6483-OATDN,No
471,1293-HHSHJ,No
472,4840-ORQXB,No
473,7599-FKVXZ,Yes
474,3982-DQLUS,No
475,8610-ZIKJJ,No
476,3756-VNWDH,No
477,7801-KICAO,No
478,7673-LPRNY,No
479,8229-TNIQA,No
480,6060-QBMGV,No
481,7339-POGZN,Yes
482,2828-SLQPF,No
483,4465-VDKIQ,Yes
484,2921-XWDJH,No
485,6221-AVQYL,Yes
486,2558-BUOZZ,No
487,9257-AZMTZ,No
488,0003-MKNFE,No
489,0975-UYDTX,No
490,7743-EXURX,No
491,4682-BLBUC,No
492,0975-VOOVL,No
493,5968-VXZLG,Yes
494,5569-KGJHX,Yes
495,4988-IQIGL,Yes
496,5201-FRKKS,No
497,9799-CAYJJ,Yes
498,7730-IUTDZ,No
499,0426-TIRNE,No
500,5443-SCMKX,No
501,8295-KMENE,No
502,6738-ISCBM,No
503,9821-BESNZ,No
504,3678-MNGZX,No
505,1335-NTIUC,Yes
506,2916-BQZLN,No
507,4558-CGYCZ,No
508,2368-GAKKQ,No
509,8710-YGLWG,No
510,3199-XGZCY,No
511,3785-KTYSH,No
512,6814-ZPWFQ,No
513,4063-EIKNQ,No
514,6993-YCOBK,No
515,5206-HPJKM,No
516,7587-RZNME,Yes
517,0748-RDGGM,No
518,8393-JMVMB,No
519,5019-GQVCR,Yes
520,6036-TTFYU,No
521,2550-AEVRU,No
522,0969-RGKCU,No
523,0378-CJKPV,No
524,4706-AXVKM,Yes
525,5889-JTMUL,No
526,9026-RNUJS,No
527,3746-EUBYR,Yes
528,2332-EFBJY,No
529,2880-FPNAE,Yes
530,1703-MGIAB,No
531,4311-QTTAI,No
532,9474-PHLYD,No
533,4318-RAJVY,No
534,2165-VOEGB,No
535,3612-YUNGG,No
536,2254-DLXRI,Yes
537,5062-CJJKH,No
538,9028-LIHRP,No
539,2219-MVUSO,No
540,1053-MXTTK,No
541,1530-ZTDOZ,No
542,1301-LOPVR,No
543,0853-TWRVK,No
544,8914-RBTSB,No
545,6212-ATMLK,Yes
546,8200-LGKSR,No
547,1568-BEKZM,No
548,0670-ANMUU,No
549,6897-RWMUB,No
550,0963-ZBDRN,Yes
551,7594-RQHXR,Yes
552,6999-CHVCF,No
553,6134-KWTBV,No
554,1077-HUUJM,Yes
555,6331-EWIEB,Yes
556,0895-LNKRC,No
557,2045-BMBTJ,No
558,8417-GSODA,No
559,5171-EPLKN,No
560,4452-QIIEB,No
561,5998-VVEJY,Yes
562,1624-NALOJ,Yes
563,6741-EGCBI,No
564,7820-ZYGNY,No
565,4317-VTEOA,No
566,9677-AVKED,No
567,1670-SVOWZ,No
568,2227-JRSJX,No
569,9847-HNVGP,No
570,6696-YDAYZ,No
571,8980-WQFWL,No
572,1730-ZMAME,No
573,6506-EYCNH,No
574,4634-JLRJT,No
575,9501-UKKNL,No
576,2560-QTSBS,No
577,7541-YLXCL,No
578,4795-WRNVT,No
579,6080-TCMYC,No
580,0260-ZDLGK,No
581,7860-UXCRM,No
582,6357-JJPQT,Yes
583,2292-XQWSV,No
584,9552-TGUZV,No
585,5913-INRQV,No
586,8722-NGNBH,No
587,6210-KBBPI,Yes
588,9643-YBLUR,No
589,8734-FNWVH,No
590,9447-YPTBX,No
591,0133-BMFZO,Yes
592,6128-CZOMY,Yes
593,9540-JYROE,No
594,9026-LHEVG,No
595,2260-USTRB,Yes
596,3656-TKRVZ,No
597,7011-CVEUC,No
598,6185-TASNN,Yes
599,7925-PNRGI,No
600,8623-TMRBY,No
601,1552-CZCLL,No
602,3038-PQIUY,No
603,1501-SGHBW,Yes
604,9313-CDOGY,No
605,8148-BPLZQ,No
606,2623-DRYAM,No
607,9987-LUTYD,No
608,3208-YPIOE,Yes
609,4488-KQFDT,No
610,2612-RANWT,Yes
611,5693-PIPCS,No
612,0491-KAPQG,Yes
613,1925-LFCZZ,No
614,8039-EQPIM,No
615,6900-PXRMS,No
616,8707-RMEZH,No
617,3346-BRMIS,Yes
618,3209-ZPKFI,No
619,6479-VDGRK,No
620,9373-WSLOY,No
621,2933-FILNV,No
622,3569-JFODW,No
623,9819-FBNSV,No
624,9544-PYPSJ,No
625,1591-XWLGB,No
626,0396-UKGAI,No
627,3243-ZHOHY,No
628,5186-EJEGL,No
629,7527-QNRUS,No
630,9986-BONCE,No
631,2722-JMONI,No
632,2203-GHNWN,No
633,3878-AVSOQ,Yes
634,3258-SYSWS,No
635,5296-PSYVW,No
636,6319-QSUSR,No
637,4083-EUGRJ,No
638,7579-OOPEC,No
639,0512-FLFDW,No
640,1771-OADNZ,No
641,0487-CRLZF,No
642,2107-FBPTK,Yes
643,9451-WLYRI,No
644,8219-VYBVI,No
645,1991-VOPLL,No
646,9738-QLWTP,No
647,1016-DJTSV,Yes
648,9419-IPPBE,No
649,0174-QRVVY,No
650,5699-BNCAS,No
651,2900-PHPLN,No
652,0612-RTZZA,No
653,8106-GWQOK,No
654,8751-EDEKA,No
655,6878-GGDWG,No
656,4039-PIMHX,No
657,8450-LUGUK,No
658,3604-WLABM,No
659,0795-GMVQO,No
660,2259-OUUSZ,No
661,1142-IHLOO,No
662,6410-LEFEN,No
663,4633-MKHYU,Yes
664,6257-RJOHI,No
665,1545-JFUML,No
666,3194-ORPIK,No
667,7826-VVKWT,No
668,1353-GHZOS,No
669,2587-EKXTS,No
670,5442-BXVND,No
671,8816-VXNZD,Yes
672,9378-FXTIZ,No
673,1723-HKXJQ,Yes
674,7825-GKXMW,No
675,9753-OYLBX,No
676,2364-UFROM,No
677,6656-JWRQX,No
678,6473-ULUHT,No
679,1240-KNSEZ,No
680,0836-SEYLU,No
681,4433-JCGCG,Yes
682,3716-BDVDB,Yes
683,7688-AWMDX,No
684,2842-BCQGE,No
685,7244-QWYHG,No
686,5899-MQZZL,No
687,6849-OYAMU,No
688,5312-UXESG,Yes
689,9488-HGMJH,Yes
690,6038-GCYEC,No
691,2150-WLKUW,No
692,7159-FVYPK,No
693,7032-LMBHI,No
694,1150-WFARN,No
695,6088-BXMRG,No
696,3144-AUDBS,No
697,4821-SJHJV,No
698,7346-MEDWM,Yes
699,1137-DGOWI,No
700,5616-PRTNT,No
701,3812-LRZIR,No
702,4818-QIUFN,No
703,9483-GCPWE,No
704,4227-OJHAL,No
705,9220-CXRSC,No
706,4993-JCRGJ,Yes
707,9537-JALFH,No
708,6698-OXETB,No
709,2103-ZRXFN,Yes
710,3724-BSCVH,No
711,4877-TSOFF,No
712,9209-NWPGU,No
713,6961-VCPMC,Yes
714,7306-YDSOI,No
715,5288-AHOUP,Yes
716,6688-UZPWD,Yes
717,0655-YDGFJ,No
718,8468-EHYJA,No
719,6823-SIDFQ,No
720,1097-FSPVW,No
721,2839-RFSQE,No
722,8328-SKJNO,No
723,7010-ZMVBF,No
724,5201-CBWYG,No
725,0968-GSIKN,Yes
726,1965-DDBWU,No
727,9057-SIHCH,Yes
728,6352-GIGGQ,No
729,3635-QQRQD,No
730,6771-XWBDM,No
731,2897-DOVND,Yes
732,3082-YVEKW,No
733,0191-EQUUH,No
734,7134-HBPBS,No
735,3489-HHPFY,Yes
736,2926-JEJJC,No
737,8601-QACRS,No
738,4950-BDEUX,No
739,5789-LDFXO,No
740,0508-OOLTO,No
741,2984-TBYKU,No
742,9822-WMWVG,No
743,2391-SOORI,No
744,9040-KZVWO,No
745,2645-QTLMB,Yes
746,4806-HIPDW,Yes
747,1548-ARAGG,No
748,6339-RZCBJ,No
749,4424-TKOPW,Yes
750,4415-WNGVR,No
751,2522-AHJXR,No
752,0412-UCCNP,No
753,1816-FLZDK,No
754,7096-UCLNH,No
755,8443-ZRDBZ,Yes
756,9136-ALYBR,No
757,4615-PIVVU,No
758,8885-QSQBX,No
759,7479-NITWS,No
760,8617-ENBDS,Yes
761,9385-NXKDA,No
762,0430-IHCDJ,No
763,2959-MJHIC,Yes
764,6674-KVJHG,No
765,1814-DKOLC,No
766,4201-JMNGR,No
767,9351-HXDMR,No
768,3537-HPKQT,No
769,2129-ALKBS,Yes
770,5821-MMEIL,No
771,5960-WPXQM,Yes
772,0684-AOSIH,Yes
773,8260-NGFNY,No
774,1309-XGFSN,No
775,1866-RZZQS,Yes
776,6968-URWQU,No
777,4742-TXUEX,No
778,9631-XEYKE,Yes
779,8631-NBHFZ,No
780,1335-MXCSE,No
781,8873-TMKGR,No
782,8800-JOOCF,Yes
783,1469-LBJQJ,No
784,4958-XCBDQ,Yes
785,8337-UPOAQ,Yes
786,0064-YIJGF,No
787,2386-OWURY,No
788,1725-IQNIY,No
789,0310-VQXAM,No
790,6598-RFFVI,No
791,3453-RTHJQ,Yes
792,6712-OAWRH,Yes
793,6278-FEPBZ,No
794,4280-DLSHD,No
795,1508-DFXCU,Yes
796,8614-VGMMV,No
797,7868-BGSZA,No
798,2800-QQUSO,No
799,2930-UOTMB,No
800,7973-DZRKH,No
801,5914-DVBWJ,No
802,7698-YFGEZ,No
803,2533-QVMSK,No
804,9773-PEQBZ,No
805,8644-XLFBW,Yes
806,0650-BWOZN,No
807,8625-AZYZY,Yes
808,7785-RDVIG,No
809,9602-WCXPI,No
810,2903-YYTBW,Yes
811,3620-MWJNE,No
812,8573-JGCZW,No
813,6837-HAEVO,No
814,6701-YVNQG,No
815,9306-CPCBC,Yes
816,4304-XUMGI,No
817,9504-YAZWB,No
818,8819-ZBYNA,No
819,6174-NRBTZ,No
820,9481-IEBZY,No
821,1833-VGRUM,Yes
822,6137-NICCO,Yes
823,9065-ZCPQX,No
824,6402-EJMWF,No
825,3620-EHIMZ,No
826,3213-VVOLG,No
827,6870-ECSHE,No
828,8747-UDCOI,No
829,8374-XGEJJ,Yes
830,2656-TABEH,Yes
831,6946-LMSQS,No
832,4626-OZDTJ,No
833,9169-BSVIN,No
834,2325-ZUSFD,No
835,8194-PEEBY,No
836,6872-HXFNF,No
837,3932-CMDTD,No
838,7714-YXSMB,Yes
839,8387-UGUSU,No
840,1080-BWSYE,No
841,4039-HEUNW,No
842,1194-HVAIF,Yes
843,0812-WUPTB,Yes
844,3594-UVONA,No
845,0004-TLHLJ,No
846,1767-TGTKO,No
847,8439-LTUGF,No
848,8805-JNRAZ,No
849,5089-IFSDP,No
850,6418-HNFED,No
851,0206-OYVOC,No
852,7291-CDTMJ,No
853,7128-GGCNO,No
854,0237-YFUTL,No
855,7691-KGKGP,No
856,6710-HSJRD,No
857,3675-EQOZA,No
858,0840-DCNZE,No
859,1732-FEKLD,No
860,9862-KJTYK,No
861,0479-HMSWA,No
862,5854-KSRBJ,No
863,0365-BZUWY,Yes
864,4817-VYYWS,Yes
865,5701-SVCWR,No
866,3129-AAQOU,No
867,4922-CVPDX,No
868,1396-QWFBJ,No
869,1357-BIJKI,No
870,1099-BTKWT,No
871,5299-SJCZT,Yes
872,2018-PZKMU,No
873,7340-KEFQE,No
874,4570-QHXHL,No
875,2403-BCASL,No
876,7392-YYPYJ,Yes
877,2898-LSJGD,No
878,2223-GDSHL,No
879,7359-PTSXY,Yes
880,9470-RTWDV,No
881,2176-OSJUV,No
882,9348-YVOMK,Yes
883,8104-OSKWT,No
884,4521-YEEHE,Yes
885,4090-KPJIP,Yes
886,3786-WOVKF,No
887,4503-BDXBD,No
888,6086-ESGRL,Yes
889,2592-HODOV,No
890,3886-CERTZ,No
891,7995-ZHHNZ,No
892,3824-RHKVR,No
893,5816-SCGFC,No
894,5989-AXPUC,No
895,4979-HPRFL,No
896,8590-OHDIW,No
897,8015-IHCGW,No
898,2332-TODQS,No
899,9278-VZKCD,No
900,8008-OTEZX,No
901,2773-OVBPK,No
902,5999-LCXAO,No
903,5206-XZZQI,No
904,4803-LBYPN,No
905,5759-RCVCB,No
906,6372-RFVNS,Yes
907,2139-FQHLM,Yes
908,8261-GWDBQ,No
909,1093-YSWCA,No
910,8938-UMKPI,No
911,0991-BRRFB,No
912,3882-IYOIJ,No
913,8749-TZYEC,No
914,1755-FZQEC,No
915,3115-JPJDD,No
916,5600-KTXFM,No
917,3871-IKPYH,Yes
918,6319-IEJWJ,Yes
919,9025-AOMKI,Yes
920,6339-TBELP,No
921,7964-YESJC,No
922,6173-GOLSU,Yes
923,5275-SQEIZ,Yes
924,7716-YTYHG,No
925,9938-ZREHM,No
926,7950-XWOVN,No
927,4390-KYULV,No
928,4647-MUZON,Yes
929,9702-AIUJO,No
930,8849-PRIQJ,No
931,8851-RAGOV,No
932,1304-NECVQ,Yes
933,5396-IZEPB,No
934,1729-VLAZJ,No
935,8285-ABVLB,No
936,0701-TJSEF,No
937,5712-VBOXD,No
938,6629-LADHQ,No
939,8945-GRKHX,Yes
940,1559-DTODC,No
941,4797-MIWUM,No
942,6959-UWKHF,Yes
943,8720-RQSBJ,Yes
944,4537-CIBHB,No
945,3815-SLMEF,No
946,5154-VEKBL,No
947,4324-AHJKS,No
948,4355-CVPVS,No
949,4495-LHSSK,No
950,5655-JSMZM,Yes
951,5915-ANOEI,No
952,9861-PDSZP,No
953,4505-EXZHB,Yes
954,7225-CBZPL,Yes
955,6704-UTUKK,No
956,4587-VVTOX,Yes
957,2019-HDCZY,No
958,4652-NNHNY,Yes
959,8788-DOXSU,No
960,7404-JLKQG,No
961,7421-ZLUPA,No
962,8972-HJWNV,Yes
963,3274-NSDWE,No
964,2632-IVXVF,No
965,3692-JHONH,No
966,8915-NNTRC,No
967,5914-GXMDA,No
968,7463-IFMQU,No
969,2920-RNCEZ,Yes
970,2541-YGPKE,No
971,8515-OCTJS,No
972,5382-TEMLV,No
973,3441-CGZJH,No
974,9592-ERDKV,No
975,2860-RANUS,Yes
976,5261-QSHQM,Yes
977,4778-IZARL,No
978,0432-CAJZV,Yes
979,7008-LZVOZ,No
980,8868-WOZGU,Yes
981,1200-TUZHR,Yes
982,9365-CSLBQ,No
983,1334-FJSVR,Yes
984,5884-FBCTL,No
985,7130-CTCUS,No
986,6242-FEGFD,No
987,7625-XCQRH,No
988,6194-HBGQN,No
989,7634-WSWDB,No
990,6986-IXNDM,Yes
991,1731-TVIUK,Yes
992,2987-BJXIK,No
993,9769-TSBZE,No
994,0406-BPDVR,Yes
995,0618-XWMSS,No
996,1395-WSWXR,No
997,6023-GSSXW,No
998,6752-APNJL,No
999,5276-KQWHG,Yes
1000,0420-HLGXF,Yes
1001,7446-KQISO,No
1002,9823-EALYC,No
1003,0582-AVCLN,No
1004,5803-NQJZO,No
1005,2565-JSLRY,No
1006,2607-DHDAK,No
1007,1073-XXCZD,No
1008,0743-HRVFF,No
1009,4006-HKYHO,No
1010,3727-JEZTU,No
1011,8143-ETQTI,No
1012,6689-KXGBO,No
1013,9667-TKTVZ,No
1014,3657-COGMW,No
1015,8570-KLJYJ,No
1016,7754-IXRMC,No
1017,9473-CBZOP,No
1018,2969-WGHQO,No
1019,6615-NGGZJ,Yes
1020,4334-HOWRP,No
1021,4255-DDUOU,No
1022,5863-OOKCL,No
1023,1686-STUHN,No
1024,1329-VHWNP,No
1025,2984-MIIZL,Yes
1026,0266-GMEAO,No
1027,5590-YRFJT,No
1028,5574-NXZIU,No
1029,0019-GFNTW,No
1030,4256-ZWTZI,No
1031,8309-PPCED,No
1032,4098-NAUKP,No
1033,5196-WPYOW,No
1034,4608-LCIMN,No
1035,1485-YDHMM,No
1036,4054-CUMIA,No
1037,0603-TPMIB,No
1038,2525-GVKQU,No
1039,8161-QYMTT,Yes
1040,9581-GVBXT,No
1041,5862-BRIXZ,No
1042,5404-GGUKR,No
1043,3308-JSGML,No
1044,2126-GSEGL,No
1045,3677-TNKIO,Yes
1046,0440-QEXBZ,No
1047,2434-EEVDB,No
1048,6762-QVYJO,No
1049,6199-IWKGC,No
1050,2675-DHUTR,No
1051,8152-VETUR,No
1052,9667-EQRXU,No
1053,7446-YPODE,No
1054,9522-BNTHX,No
1055,4676-WLUHT,No
1056,3329-WDIOK,No
1057,7980-MHFLQ,No
1058,2873-ZLIWT,No
1059,3415-TAILE,No
1060,0757-WCUUZ,No
1061,1629-DQQVB,No
1062,1915-IOFGU,Yes
1063,3045-XETSH,Yes
1064,0374-AACSZ,No
1065,7239-HZZCX,No
1066,4872-VXRIL,No
1067,9140-CZQZZ,No
1068,3423-HHXAO,No
1069,9938-TKDGL,No
1070,0531-ZZJWQ,Yes
1071,6537-QLGEX,No
1072,2688-BHGOG,Yes
1073,7683-CBDKJ,No
1074,0946-CLJTI,Yes
1075,3160-TYXLT,No
1076,1325-USMEC,No
1077,0916-QOFDP,Yes
1078,0628-CNQRM,No
1079,5606-AMZBO,No
1080,6199-IPCAO,No
1081,7665-TOALD,Yes
1082,0112-QWPNC,No
1083,0324-BRPCJ,No
1084,2777-PHDEI,Yes
1085,5640-CAXOA,No
1086,2235-EZAIK,No
1087,3847-BAERP,No
1088,1196-AMORA,Yes
1089,4282-YMKNA,No
1090,1453-RZFON,No
1091,8263-OKETD,No
1092,0670-KDOMA,No
1093,2476-YGEFM,No
1094,8687-BAFGU,Yes
1095,0641-EVBOJ,No
1096,0829-XXPLX,No
1097,9974-JFBHQ,No
1098,5356-RHIPP,No
1099,6624-JDRDS,No
1100,0608-JDVEC,No
1101,9780-FKVVF,No
1102,1919-RTPQD,No
1103,5214-NLTIT,No
1104,3345-PBBFH,No
1105,5055-BRMNE,No
1106,9189-JWSHV,Yes
1107,2190-PHBHR,No
1108,2650-GYRYL,No
1109,0746-JTRFU,Yes
1110,5208-FVQKB,No
1111,7184-LRUUR,No
1112,6627-CFOSN,No
1113,3982-JGSFD,No
1114,1574-DYCWE,No
1115,7247-XOZPB,No
1116,2466-FCCPT,No
1117,6211-WWLTF,No
1118,4826-TZEVA,No
1119,6016-NXBNJ,No
1120,9138-EFSMO,No
1121,0576-WNXXC,No
1122,4632-XJMEX,No
1123,8910-LEDAG,No
1124,3452-GWUIN,Yes
1125,2716-GFZOR,No
1126,3724-UCSHY,No
1127,8626-XHBIE,No
1128,4628-CTTLA,No
1129,3192-LNKRK,No
1130,4439-YRNVD,No
1131,2876-VBBBL,No
1132,6834-NXDCA,No
1133,2208-UGTGR,Yes
1134,3005-TYFRD,No
1135,8670-MEFCP,No
1136,3079-BCHLN,No
1137,7777-UNYHB,No
1138,5597-GLBUC,Yes
1139,7278-CKDNC,Yes
1140,2748-MYRVK,No
1141,8450-UYIBU,No
1142,2969-VAPYH,No
1143,4822-YCXMX,Yes
1144,7181-OQCUT,Yes
1145,8474-UMLNT,No
1146,9821-POOTN,Yes
1147,3836-FZSDJ,No
1148,9142-XMYJH,No
1149,6559-ILWKJ,No
1150,0187-QSXOE,Yes
1151,7733-UDMTP,No
1152,2649-HWLYB,No
1153,5214-CHIWJ,No
1154,4229-CZMLL,Yes
1155,6904-JLBGY,No
1156,2465-BLLEU,No
1157,1685-VAYJF,No
1158,8874-EJNSR,No
1159,6917-YACBP,No
1160,5049-MUBWG,No
1161,4223-WOZCM,No
1162,0769-MURVM,No
1163,9253-VIFJQ,No
1164,7030-FZTFM,No
1165,9741-YLNTD,No
1166,5917-RYRMG,No
1167,5120-ZBLAI,No
1168,1194-BHJYC,No
1169,3663-MITLP,Yes
1170,0906-QVPMS,No
1171,9025-ZRPVR,No
1172,1905-OEILC,No
1173,7858-GTZSP,Yes
1174,3285-UCQVC,No
1175,6248-BSHKG,No
1176,4685-TFLLS,No
1177,3470-BTGQO,No
1178,1209-VFFOC,No
1179,8224-DWCKX,Yes
1180,5482-PLVPE,No
1181,4553-DVPZG,Yes
1182,4902-OHLSK,No
1183,6917-IAYHD,No
1184,0495-ZBNGW,Yes
1185,8620-RJPZN,No
1186,7572-KPVKK,No
1187,2642-MAWLJ,No
1188,2357-COQEK,No
1189,7103-ZGVNT,No
1190,3737-GCSPV,Yes
1191,2027-WKXMW,No
1192,7137-NAXML,No
1193,2428-ZMCTB,No
1194,2961-VNFKL,No
1195,1768-HNVGJ,No
1196,6963-KQYQB,No
1197,5934-RMPOV,Yes
1198,1207-BLKSA,No
1199,4088-YLDSU,No
1200,8316-BBQAY,No
1201,1166-PQLGG,No
1202,3146-JTQHR,No
1203,4291-YZODP,No
1204,4395-PZMSN,Yes
1205,6427-FEFIG,No
1206,0017-IUDMW,No
1207,8706-HRADD,No
1208,9955-QOPOY,No
1209,4385-ZKVNW,No
1210,5446-DKWYW,No
1211,2034-CGRHZ,Yes
1212,5797-APWZC,Yes
1213,3683-QKIUE,No
1214,4228-ZGYUW,Yes
1215,9031-ZVQPT,No
1216,2990-IAJSV,No
1217,8107-KNCIM,Yes
1218,9027-YFHQJ,No
1219,5176-LDKUH,No
1220,4644-OBGFZ,No
1221,7926-IJOOU,No
1222,6480-YAGIY,No
1223,4029-HPFVY,Yes
1224,7602-DBTOU,No
1225,5345-BMKWB,No
1226,3519-ZKXGG,Yes
1227,5457-COLHT,No
1228,6416-TVAIH,Yes
1229,5451-YHYPW,No
1230,5108-ADXWO,No
1231,7998-WNZEM,No
1232,3066-RRJIO,Yes
1233,4664-NJCMS,No
1234,0307-BCOPK,No
1235,7629-WFGLW,No
1236,2542-HYGIQ,No
1237,6715-OFDBP,No
1238,5016-LIPDW,No
1239,6481-LXPWL,No
1240,1567-DSCIC,Yes
1241,2150-UWTFY,No
1242,6124-ACRHJ,No
1243,9362-MWODR,No
1244,9975-GPKZU,No
1245,9625-RZFUK,No
1246,5153-LXKDT,No
1247,5161-UBZXI,No
1248,1020-JPQOW,No
1249,7919-ZODZZ,No
1250,0565-JUPYD,No
1251,6867-ACCZI,No
1252,5939-XAIXZ,No
1253,9054-FOWNV,No
1254,2683-BPJSO,Yes
1255,2157-MXBJS,No
1256,8207-VVMYB,No
1257,9732-EQMWY,No
1258,9360-AHGNL,No
1259,1087-UDSIH,No
1260,5269-NRGDP,No
1261,6195-MELTI,No
1262,5485-WUYWF,No
1263,2121-JAFOM,No
1264,8818-DOPVL,No
1265,2632-UCGVD,No
1266,5445-PZWGX,No
1267,1227-UDMZR,No
1268,5198-HQAEN,No
1269,9170-CCKOU,No
1270,2167-FQSTQ,No
1271,2819-GWENI,No
1272,1043-YCUTE,No
1273,3814-MLAXC,No
1274,3572-UUHRS,No
1275,2692-PFYTJ,Yes
1276,1226-UDFZR,No
1277,5955-EPOAZ,No
1278,6821-JPCDC,No
1279,8815-LMFLX,No
1280,9135-HSWOC,No
1281,8582-KRHPJ,No
1282,5811-IWXYM,No
1283,7044-YAACC,Yes
1284,8189-XRIKE,Yes
1285,1506-YJTYT,No
1286,4123-DVHPH,No
1287,6425-YQLLO,No
1288,5442-UTCVD,Yes
1289,2228-BZDEE,No
1290,7734-DBOAI,No
1291,2789-CZANW,No
1292,2091-RFFBA,Yes
1293,2114-MGINA,Yes
1294,7596-LDUXP,No
1295,3740-RLMVT,No
1296,4489-SNOJF,No
1297,2192-OZITF,No
1298,5651-CPDND,No
1299,2186-QZEYA,No
1300,1131-ALZWV,No
1301,7729-XBTWX,No
1302,9134-WYRVP,No
1303,3284-SVCRO,No
1304,9732-OUYRN,No
1305,0559-CKHUS,No
1306,2931-SVLTV,No
1307,6899-PPEEA,Yes
1308,7504-UWHNB,Yes
1309,2582-FFFZR,No
1310,8908-NMQTX,No
1311,2187-LZGPL,No
1312,1431-AIDJQ,No
1313,6288-LBEAR,No
1314,4597-NUCQV,Yes
1315,9019-QVLZD,Yes
1316,8413-YNHNV,No
1317,5808-TOTXO,No
1318,4369-NYSCF,No
1319,6333-YDVLT,No
1320,5324-KTGCG,No
1321,5599-HVLTW,Yes
1322,7394-LWLYN,Yes
1323,3707-LRWZD,No
1324,6873-UDNLD,No
1325,2700-LUEVA,No
1326,1455-ESIQH,Yes
1327,0958-YHXGP,Yes
1328,1101-SSWAG,No
1329,2979-SXESE,Yes
1330,4013-TLDHQ,Yes
1331,5743-KHMNA,No
1332,4194-FJARJ,No
1333,5325-UWTWJ,No
1334,3969-GYXEL,No
1335,9208-OLGAQ,Yes
1336,3244-CQPHU,No
1337,2674-MLXMN,No
1338,9708-HPXWZ,No
1339,6992-TKNYO,No
1340,4468-YDOVK,No
1341,3754-DXMRT,Yes
1342,5792-JALQC,No
1343,7130-VTEWQ,Yes
1344,2200-DSAAL,No
1345,4302-ZYFEL,No
1346,9351-LZYGF,No
1347,4366-CTOUZ,No
1348,6121-VZNQB,No
1349,7903-CMPEY,Yes
1350,1518-OMDIK,No
1351,6671-NGWON,No
1352,0595-ITUDF,No
1353,6996-KNSML,Yes
1354,1955-IBMMB,No
1355,0096-BXERS,No
1356,3806-YAZOV,No
1357,7998-ZLXWN,No
1358,6253-WRFHY,No
1359,9133-AYJZG,Yes
1360,2675-OTVVJ,No
1361,8680-CGLTP,No
1362,8430-TWCBX,No
1363,5018-GWURO,No
1364,6741-QRLUP,No
1365,4737-HOBAX,No
1366,0537-QYZZN,Yes
1367,3340-QBBFM,No
1368,1704-NRWYE,No
1369,2592-SEIFQ,Yes
1370,8200-KLNYW,No
1371,3372-CDXFJ,No
1372,4781-ZXYGU,No
1373,7632-YUTXB,No
1374,2718-YSKCS,No
1375,9896-UYMIE,No
1376,0853-NWIFK,No
1377,8212-CRQXP,No
1378,6980-CDGFC,No
1379,7691-XVTZH,No
1380,2520-SGTTA,No
1381,7481-ATQQS,No
1382,2277-VWCNI,No
1383,1088-CNNKB,No
1384,8642-GVWRF,Yes
1385,1930-BZLHI,No
1386,3400-ESFUW,No
1387,5868-YTYKS,No
1388,3525-DVKFN,No
1389,1482-OXZSY,Yes
1390,0377-JBKKT,No
1391,5778-BVOFB,No
1392,3373-YZZYM,No
1393,2057-ZBLPD,Yes
1394,0228-MAUWC,No
1395,5502-RLUYV,Yes
1396,0023-HGHWL,Yes
1397,7663-YJHSN,No
1398,4915-BFSXL,No
1399,3086-RUCRN,No
1400,5215-LNLDJ,No
1401,7576-JMYWV,No
1402,9039-RBEEE,No
1403,0257-KXZGU,No
1404,1307-ATKGB,No
1405,8417-FMLZI,Yes
1406,3714-XPXBW,No
1407,1850-AKQEP,No
1408,2824-DXNKN,No
1409,5227-JSCFE,No
1410,0848-ZGQIJ,Yes
1411,3621-CHYVB,No
1412,8042-RNLKO,No
1413,1792-UXAFY,Yes
1414,5372-FBKBN,No
1415,0420-TXVSG,No
1416,6217-TOWGS,No
1417,0515-YPMCW,Yes
1418,0378-XSZPU,No
1419,1045-LTCYT,No
1420,1544-JJMYL,No
1421,4636-JGAAI,No
1422,6874-SGLHU,No
1423,5951-AOFIH,No
1424,4729-XKASR,No
1425,3059-NGMXB,No
1426,8652-YHIYU,No
1427,5278-PNYOX,No
1428,5449-FIBXJ,Yes
1429,3486-HOOGQ,No
1430,5061-PBXFW,No
1431,8630-FJLIB,Yes
1432,3891-NLXJB,No
1433,4749-OJKQU,Yes
1434,0577-WHMEV,Yes
1435,5453-AXEPF,Yes
1436,3639-XJHKQ,No
1437,3716-LRGXK,No
1438,2263-SFSQZ,No
1439,9950-MTGYX,No
1440,3397-AVTKU,No
1441,4825-FUREZ,No
1442,9837-BMCLM,Yes
1443,2672-OJQZP,No
1444,0137-UDEUO,No
1445,3134-DSHVC,No
1446,6161-UUUTA,Yes
1447,7821-DPRQE,No
1448,6543-XRMYR,Yes
1449,2001-EWBQU,No
1450,4925-LMHOK,No
1451,1608-GMEWB,Yes
1452,6695-AMZUF,No
1453,1455-UGQVH,Yes
1454,8410-BGQXN,No
1455,8280-MQRQN,No
1456,1619-YWUBB,No
1457,7611-YKYTC,No
1458,2037-SGXHH,No
1459,3178-FESZO,Yes
1460,0365-GXEZS,No
1461,0082-OQIQY,Yes
1462,6087-MVHJH,Yes
1463,4603-JANFB,Yes
1464,3018-TFTSU,No
1465,3606-SBKRY,No
1466,4806-KEXQR,Yes
1467,0667-NSRGI,No
1468,7083-YNSKY,No
1469,6893-ODYYE,No
1470,8242-JSVBO,No
1471,2479-BRAMR,No
1472,9541-ZPSEA,No
1473,2665-NPTGL,Yes
1474,1139-WUOAH,No
1475,4693-VWVBO,No
1476,7434-SHXLS,No
1477,6937-GCDGQ,No
1478,0988-JRWWP,No
1479,5075-JSDKI,No
1480,7908-QCBCA,No
1481,8644-XYTSV,No
1482,6711-FLDFB,No
1483,3873-WOSBC,No
1484,7465-ZZRVX,Yes
1485,7975-JMZNT,No
1486,7251-XFOIL,No
1487,4116-IQRFR,No
1488,3714-JTVOV,No
1489,8259-DZLIZ,No
1490,0442-ZXKVS,No
1491,7853-WNZSY,No
1492,3120-FAZKD,No
1493,8606-OEGQZ,No
1494,0225-ZORZP,Yes
1495,4702-IOQDC,Yes
1496,9489-JMTTN,No
1497,0575-CUQOV,No
1498,0967-BMLBD,No
1499,6178-KFNHS,No
1500,2830-LEWOA,No
1501,5006-MXVRN,No
1502,1264-BYWMS,Yes
1503,9658-WYUFB,Yes
1504,8327-WKMIE,No
1505,6917-FIJHC,No
1506,5329-KRDTM,No
1507,7797-EJMDP,No
1508,3530-VWVGU,No
1509,2013-SGDXK,Yes
1510,6368-NWMCE,No
1511,3633-CDBUW,No
1512,0707-HOVVN,No
1513,8580-QVLOC,No
1514,3956-MGXOG,Yes
1515,9274-UARKJ,No
1516,4077-HWUYD,No
1517,2012-NWRPA,Yes
1518,8808-ELEHO,Yes
1519,0103-CSITQ,No
1520,3506-LCJDC,No
1521,8671-KKKOS,No
1522,7305-ZWMAJ,No
1523,9518-XXBXE,No
1524,3934-HXCFZ,Yes
1525,6578-KRMAW,No
1526,4860-IJUDE,No
1527,7666-WKRON,No
1528,9688-YGXVR,No
1529,0423-UDIJQ,Yes
1530,1945-XISKS,No
1531,4910-AQFFX,No
1532,2154-KVJFF,Yes
1533,5360-LJCNJ,No
1534,2607-FBDFF,Yes
1535,9647-ERGBE,No
1536,3428-XZMAZ,Yes
1537,1100-DDVRV,No
1538,0378-TOVMS,Yes
1539,4355-HBJHH,No
1540,6728-WYQBC,No
1541,9058-CBREO,No
1542,9029-FEGVJ,No
1543,7216-KAOID,No
1544,0318-QUUOB,Yes
1545,6145-NNPNO,No
1546,5520-FVEWJ,Yes
1547,5339-TJFEK,No
1548,5572-ZDXHY,No
1549,2074-GUHPQ,No
1550,4625-XMOYM,No
1551,5827-MWCZK,No
1552,1385-TQOZW,No
1553,5914-XRFQB,No
1554,4329-YPDDQ,Yes
1555,4804-NCPET,No
1556,3750-CKVKH,Yes
1557,5944-UGLLK,No
1558,8063-GBATB,Yes
1559,7787-BNTZM,No
1560,2252-ISRNH,No
1561,9415-TPKRV,No
1562,5322-TEUJK,No
1563,4547-KQRTM,Yes
1564,4877-EVATK,No
1565,1866-DIOQZ,No
1566,8375-KVTHK,No
1567,2697-NQBPF,No
1568,3709-OIJEA,No
1569,7639-SUPCW,No
1570,1386-ZIKUV,No
1571,0599-XNYDO,Yes
1572,6377-WHAOX,No
1573,6855-VLGOS,No
1574,8999-XXGNS,No
1575,8746-OQQRW,No
1576,3181-MIZBN,No
1577,0471-ARVMX,No
1578,7766-CLTIC,No
1579,5650-YLIBA,Yes
1580,0825-CPPQH,No
1581,9084-OAYKL,No
1582,6122-LJADA,No
1583,2400-XIWIO,No
1584,7524-VRLPL,No
1585,1069-XAIEM,Yes
1586,7569-NMZYQ,No
1587,5201-USSQZ,No
1588,2105-PHWON,No
1589,1494-EJZDW,No
1590,4884-TVUQF,No
1591,8003-EWNDZ,No
1592,1897-RCFUM,No
1593,9256-JTBNZ,No
1594,4658-HCOHW,No
1595,2211-RMNHO,No
1596,2432-TFSMK,No
1597,3440-JPSCL,Yes
1598,4929-ROART,No
1599,1834-ABKHQ,No
1600,1741-WTPON,No
1601,3932-IJWDZ,No
1602,1240-HCBOH,No
1603,3594-KADLU,No
1604,8065-BVEPF,No
1605,3796-ENZGF,No
1606,1734-ZMNTZ,No
1607,2853-CWQFQ,No
1608,0813-TAXXS,No
1609,2519-TWKFS,No
1610,2889-FPWRM,No
1611,0626-QXNGV,No
1612,6723-CEGQI,No
1613,6987-XQSJT,No
1614,4732-RRJZC,No
1615,9499-XPZXM,No
1616,4338-EYCER,No
1617,3007-FDPEA,No
1618,6350-XFYGW,Yes
1619,4290-BSXUX,Yes
1620,8513-OLYGY,No
1621,0311-QYWSS,No
1622,8705-DWKTI,No
1623,8755-IWJHN,No
1624,0325-XBFAC,Yes
1625,4480-QQRHC,Yes
1626,0929-PECLO,No
1627,3680-CTHUH,No
1628,1202-KKGFU,No
1629,6112-KTHFQ,No
1630,1852-XEMDW,No
1631,2462-XIIJB,Yes
1632,4760-XOHVN,No
1633,1820-DJFPH,No
1634,9426-SXNHE,No
1635,9068-FHQHD,No
1636,1269-FOYWN,No
1637,9470-YFUYI,No
1638,7817-BOQPW,Yes
1639,7402-EYFXX,Yes
1640,1853-UDXBW,Yes
1641,9895-VFOXH,No
1642,5458-CQJTA,No
1643,1230-QAJDW,No
1644,5701-ZIKJE,No
1645,5219-YIPTK,Yes
1646,5032-MIYKT,Yes
1647,7396-VJUZB,No
1648,9717-QEBGU,Yes
1649,5172-RKOCB,No
1650,6509-TSGWN,No
1651,3540-RZJYU,Yes
1652,3178-CIFOT,No
1653,2091-MJTFX,No
1654,4530-NDRKU,No
1655,5985-TBABQ,No
1656,9800-ONTFE,No
1657,6743-HHQPF,No
1658,8455-HIRAQ,No
1659,6616-AALSR,No
1660,0883-EIBTI,No
1661,9415-ZNBSX,No
1662,4018-KJYUY,No
1663,0722-TROQR,Yes
1664,7571-YXDAD,Yes
1665,3884-UEBXB,No
1666,8780-RSYYU,No
1667,5537-UXXVS,No
1668,1791-PQHBB,No
1669,8701-DGLVH,No
1670,8741-LQOBK,No
1671,3393-FMZPV,Yes
1672,8082-GHXOP,No
1673,6402-ZFPPI,Yes
1674,0980-FEXWF,No
1675,7486-KSRVI,No
1676,3011-WQKSZ,No
1677,8443-WVPSS,Yes
1678,3006-XIMLN,Yes
1679,8218-FFJDS,No
1680,1986-PHGZF,No
1681,9965-YOKZB,Yes
1682,0504-HHAPI,No
1683,9360-OMDZZ,Yes
1684,6305-YLBMM,No
1685,0345-XMMUG,No
1686,8024-XNAFQ,No
1687,3647-GMGDH,Yes
1688,2988-GBIVW,No
1689,2832-SCUCO,No
1690,7036-ZZKBD,No
1691,3791-LGQCY,Yes
1692,0265-PSUAE,Yes
1693,0463-TXOAK,No
1694,0594-UFTUL,No
1695,9509-MPYOD,No
1696,9128-CPXKI,No
1697,0129-KPTWJ,No
1698,8166-ZZTFS,No
1699,5855-EIBDE,No
1700,5365-LLFYV,No
1701,5956-YHHRX,Yes
1702,6008-NAIXK,No
1703,2956-GGUCQ,Yes
1704,1928-BXYIV,No
1705,5760-FXFVO,Yes
1706,6595-COKXZ,No
1707,0961-ZWLVI,No
1708,5181-OABFK,No
1709,4007-NHVHI,No
1710,7816-VGHTO,No
1711,5871-DGTXZ,No
1712,7550-WIQVA,No
1713,7544-ZVIKX,No
1714,0016-QLJIS,No
1715,7508-DQAKK,No
1716,5176-OLSKT,No
1717,9356-AXGMP,No
1718,3556-BVQGL,No
1719,0362-ZBZWJ,Yes
1720,8979-CAMGB,No
1721,4211-MMAZN,No
1722,7581-EBBOU,No
1723,4274-OWWYO,Yes
1724,5073-RZGBK,No
1725,1541-ETJZO,No
1726,2192-CKRLV,No
1727,3154-HMWUU,No
1728,6119-SPUDB,No
1729,6522-OIQSX,No
1730,7813-ZGGAW,No
1731,8748-HFWBO,No
1732,1052-QJIBV,No
1733,1319-YLZJG,Yes
1734,4106-HADHQ,No
1735,0723-FDLAY,No
1736,3050-RLLXC,No
1737,9298-WGMRW,No
1738,2369-UAPKZ,No
1739,3088-LHEFH,No
1740,2778-OCLGR,Yes
1741,6583-KQJLK,Yes
1742,8544-JNBOX,No
1743,6681-ZSEXG,No
1744,6139-ZZRBQ,No
1745,6116-RFVHN,Yes
1746,0637-KVDLV,Yes
1747,8884-FEEWR,No
1748,3125-RAHBV,No
1749,6633-MPWBS,No
1750,0373-AIVNJ,No
1751,8785-EPNCG,No
1752,1682-VCOIO,No
1753,5729-KLZAR,Yes
1754,2072-ZVJJX,No
1755,8849-AYPTR,No
1756,9518-IMLHK,No
1757,1582-RAFML,No
1758,3646-ITDGM,No
1759,8740-CRYFY,Yes
1760,3569-VLDHH,No
1761,8224-KDLKN,No
1762,7594-LZNWR,No
1763,4001-TSBTV,No
1764,2962-XPMCQ,Yes
1765,8727-XDPUD,No
1766,1043-UXOVO,No
1767,1064-FBXNK,No
1768,3996-ZNWYK,No
1769,2878-DHMIN,No
1770,7762-ONLJY,No
1771,1678-FYZOW,Yes
1772,5795-BKOYE,No
1773,8627-EHGIP,No
1774,7402-PWYJJ,No
1775,5480-TBGPH,Yes
1776,0018-NYROU,Yes
1777,7501-VTYLJ,No
1778,7608-RGIRO,No
1779,0480-BIXDE,Yes
1780,5895-QSXOD,Yes
1781,9814-AOUDH,No
1782,6175-IRFIT,Yes
1783,8760-ZRHKE,No
1784,1622-HSHSF,No
1785,8854-CCVSQ,Yes
1786,6749-UTDVX,No
1787,5542-DHSXL,No
1788,9102-OXKFY,No
1789,0511-JTEOY,Yes
1790,5216-WASFJ,Yes
1791,7808-DVWEP,No
1792,7067-KSAZT,No
1793,2284-VFLKH,No
1794,0366-NQSHS,No
1795,6532-YLWSI,No
1796,3807-BPOMJ,No
1797,3892-NXAZG,No
1798,4948-WBBKL,No
1799,4182-BGSIQ,No
1800,9300-AGZNL,Yes
1801,0988-AADSA,No
1802,9972-NKTFD,No
1803,3717-LNXKW,No
1804,5734-EJKXG,No
1805,2207-RYYRL,No
1806,6729-FZWSY,No
1807,9695-IDRZR,No
1808,8144-DGHXP,No
1809,7814-LEEVE,No
1810,1112-CUNAO,Yes
1811,5175-AOBHI,No
1812,5174-RNGBH,No
1813,8631-WUXGY,No
1814,7270-BDIOA,Yes
1815,9565-JSNFM,No
1816,5906-DVAPM,No
1817,6654-QGBZZ,No
1818,8348-JLBUG,No
1819,0607-DAAHE,No
1820,5641-DMBFJ,No
1821,9200-NLNPD,No
1822,2664-XJZNO,No
1823,9732-KPKBW,No
1824,3339-EAQNV,No
1825,0921-OHLVP,Yes
1826,3389-YGYAI,Yes
1827,9560-ARGQJ,Yes
1828,8350-NYMVI,No
1829,1600-DILPE,No
1830,0536-ESJEP,No
1831,4654-GGUII,No
1832,6478-HRRCZ,No
1833,8510-BBWMU,No
1834,6857-TKDJV,No
1835,2360-RDGRO,No
1836,0584-BJQGZ,No
1837,5134-IKDAY,Yes
1838,1360-XFJMR,No
1839,3070-DVEYC,Yes
1840,5730-RIITO,No
1841,9058-MJLZC,No
1842,5707-ORNDZ,No
1843,0902-XKXPN,No
1844,5177-RVZNU,No
1845,0056-EPFBG,No
1846,8993-IZEUX,No
1847,8696-JKZNU,Yes
1848,5380-AFSSK,Yes
1849,8190-ZTQFB,No
1850,0931-MHTEM,No
1851,2055-PDADH,Yes
1852,7515-LODFU,No
1853,0440-UEDAI,No
1854,1337-BOZWO,No
1855,0868-VJRDR,No
1856,8714-EUHJO,No
1857,6344-SFJVH,No
1858,3950-VPYJB,No
1859,8041-TMEID,No
1860,7321-ZNSLA,No
1861,6941-KXRRV,No
1862,3721-CNEYS,Yes
1863,8727-JQFHV,No
1864,9475-NNDGC,No
1865,1355-KUSBG,No
1866,3688-FTHLT,No
1867,0899-LIIBW,Yes
1868,2568-OIADY,Yes
1869,1384-RCUXW,Yes
1870,5825-XJOCM,No
1871,6848-YLDFR,No
1872,8125-QPFJD,No
1873,2320-YKQBO,No
1874,1193-RTSLK,No
1875,2302-ANTDP,No
1876,5923-GXUOC,Yes
1877,4973-RLZVI,No
1878,7869-ZYDST,No
1879,4501-UYKBC,No
1880,1215-EXRMO,No
1881,2305-MRGLV,No
1882,8404-VIOMB,No
1883,5233-GEEAX,No
1884,2359-KLTEK,No
1885,5304-EFJLP,No
1886,2673-ZALNP,No
1887,9184-GALIL,No
1888,4393-RYCRE,No
1889,9746-MDMBK,No
1890,3162-ZJZFU,No
1891,8404-GFGCZ,No
1892,8875-AKBYH,Yes
1893,4432-ADRLB,No
1894,0533-UCAAU,No
1895,1394-SUIUH,No
1896,3521-MNKLV,No
1897,2533-TIBIX,No
1898,8993-PHFWD,No
1899,1565-RHDJD,Yes
1900,7137-RYLPP,Yes
1901,3765-JXVKY,Yes
1902,5092-STPKP,No
1903,7330-WZLNC,Yes
1904,0114-PEGZZ,Yes
1905,3359-DSRKA,No
1906,8639-NHQEI,No
1907,7161-DFHUF,No
1908,3957-LXOLK,Yes
1909,3720-DBRWL,No
1910,6635-MYYYZ,No
1911,8565-WUXZU,No
1912,5281-BUZGT,Yes
1913,4994-OBRSZ,No
1914,0562-FGDCR,No
1915,2436-QBZFP,No
1916,3420-YJLQT,Yes
1917,6040-CGACY,No
1918,6582-PLFUU,No
1919,8242-PDSGJ,No
1920,0264-CNITK,No
1921,0089-IIQKO,No
1922,7839-NUIAA,No
1923,6075-QMNRR,No
1924,5378-IKEEG,Yes
1925,5966-EMAZU,No
1926,0440-EKDCF,No
1927,4774-HHGGS,No
1928,2718-GAXQD,Yes
1929,2055-BFOCC,No
1930,8180-AKMJV,No
1931,4298-OYIFC,Yes
1932,5566-SOEZD,No
1933,9842-EFSYY,No
1934,2272-WUSPA,No
1935,4584-LBNMK,No
1936,3898-GUYTS,No
1937,0930-EHUZA,No
1938,6413-XKKPU,No
1939,9975-SKRNR,No
1940,3703-KBKZP,No
1941,1449-XQEMT,No
1942,2626-URJFX,No
1943,4973-MGTON,No
1944,3682-YEUWS,No
1945,1223-UNPKS,No
1946,2612-RRIDN,Yes
1947,4735-ASGMA,Yes
1948,3446-QDSZF,No
1949,3669-LVWZB,No
1950,6892-EZDTG,Yes
1951,5117-IFGPS,Yes
1952,7379-FNIUJ,Yes
1953,1627-AFWVJ,No
1954,9725-SCPZG,Yes
1955,5884-GCYMI,No
1956,3217-FZDMN,Yes
1957,4486-EFAEB,No
1958,0060-FUALY,No
1959,7853-GVUDZ,No
1960,7480-QNVZJ,Yes
1961,6954-OOYZZ,No
1962,7088-FBAWU,No
1963,8313-AFGBW,No
1964,3943-KDREE,No
1965,9239-ZBZZV,No
1966,3097-IDVPU,No
1967,4398-HSCJH,No
1968,2197-OMWGI,No
1969,2303-PJYHN,No
1970,9795-VOWON,No
1971,1237-WIYYZ,No
1972,1987-AUELQ,No
1973,7852-LECYP,Yes
1974,4430-UZIPO,No
1975,4822-LPTYJ,No
1976,8165-CBKXO,No
1977,6527-PZFPV,No
1978,4855-SNKMY,Yes
1979,9593-CVZKR,No
1980,8595-SIZNC,No
1981,8008-HAWED,No
1982,7124-UGSUR,No
1983,1862-SKORY,No
1984,5236-XMZJY,No
1985,4827-DPADN,No
1986,2694-CIUMO,No
1987,5846-ABOBJ,No
1988,1439-LCGVL,No
1989,0909-SDHNU,No
1990,4647-XXZAM,No
1991,1502-XFCVR,No
1992,7740-KKCXF,No
1993,5360-XGYAZ,No
1994,9692-TUSXH,Yes
1995,7912-SYRQT,No
1996,3557-HTYWR,No
1997,4816-JBHOV,Yes
1998,8920-NAVAY,No
1999,1699-TLDLZ,No
